feature;impact
Torque [Nm];0.339120945231961
Rotational speed [rpm];0.20825332916038858
Tool wear [min];0.16660498313942945
Air temperature [K];0.14697976553306852
Process temperature [K];0.13904097693515252
